<?xml version="1.0" encoding="UTF-8"?>
<root>
  <item name="android.nfc.cardemulation.CardEmulation boolean setOffHostForService(android.content.ComponentName, java.lang.String)">
    <annotation name="androidx.annotation.RequiresPermission">
      <val name="value" val="&quot;android.permission.NFC&quot;" />
    </annotation>
  </item>
  <item name="android.nfc.cardemulation.CardEmulation boolean unsetOffHostForService(android.content.ComponentName)">
    <annotation name="androidx.annotation.RequiresPermission">
      <val name="value" val="&quot;android.permission.NFC&quot;" />
    </annotation>
  </item>
  <item name="android.nfc.cardemulation.CardEmulation java.lang.String getDescriptionForPreferredPaymentService()">
    <annotation name="androidx.annotation.RequiresPermission">
      <val name="value" val="&quot;android.permission.NFC_PREFERRED_PAYMENT_INFO&quot;" />
    </annotation>
  </item>
  <item name="android.nfc.cardemulation.CardEmulation java.lang.String getRouteDestinationForPreferredPaymentService()">
    <annotation name="androidx.annotation.RequiresPermission">
      <val name="value" val="&quot;android.permission.NFC_PREFERRED_PAYMENT_INFO&quot;" />
    </annotation>
  </item>
  <item name="android.nfc.cardemulation.CardEmulation java.util.List&lt;java.lang.String&gt; getAidsForPreferredPaymentService()">
    <annotation name="androidx.annotation.RequiresPermission">
      <val name="value" val="&quot;android.permission.NFC_PREFERRED_PAYMENT_INFO&quot;" />
    </annotation>
  </item>
</root>

